{
  "projects": [
    {
      "id": "soc-casefiles",
      "title": "SOC Casefiles",
      "category": "SOC Operations",
      "badge": "verified-complete",
      "badgeLabel": "Verified Complete",
      "status": "complete",
      "priority": "high",
      "description": "Real-world incident investigation workflows with complete documentation. Demonstrates alert triage, IOC extraction, and ticket documentation skills.",
      "skills": ["Alert Triage", "Incident Documentation", "IOC Extraction", "Ticket Management"],
      "tools": ["Markdown", "Documentation"],
      "evidence": ["5 complete casefiles", "4 operational playbooks"],
      "link": "/projects/soc-casefiles",
      "githubPath": "SOC-Casefiles/",
      "featured": true
    },
    {
      "id": "splunk-log-analysis",
      "title": "Splunk Log Analysis",
      "category": "SIEM",
      "badge": "verified-complete",
      "badgeLabel": "Verified Complete",
      "status": "complete",
      "priority": "high",
      "description": "Custom Splunk dashboards and SPL queries for security monitoring, threat detection, and log correlation analysis.",
      "skills": ["SPL Queries", "Dashboard Creation", "Log Correlation", "Alert Configuration"],
      "tools": ["Splunk", "SPL"],
      "evidence": ["Custom security dashboard", "10+ SPL queries", "Alert rules"],
      "link": "/projects/splunk-log-analysis",
      "githubPath": "Log-Analysis/",
      "featured": true
    },
    {
      "id": "threat-intelligence-ioc",
      "title": "Threat Intelligence IOC Tool",
      "category": "Automation",
      "badge": "verified-api",
      "badgeLabel": "Verified (API Tool Tested)",
      "status": "complete",
      "priority": "high",
      "description": "Automated IOC enrichment tool that aggregates threat intelligence from multiple sources for rapid indicator analysis.",
      "skills": ["Python", "API Integration", "Threat Intelligence", "Automation"],
      "tools": ["Python", "VirusTotal API", "AbuseIPDB API"],
      "evidence": ["Working API integrations", "Sample reports", "Documentation"],
      "link": "/projects/threat-intelligence-ioc",
      "githubPath": "Threat-Intelligence/",
      "featured": true
    },
    {
      "id": "firewall-setup",
      "title": "Firewall Setup",
      "category": "Network Security",
      "badge": "verified-complete",
      "badgeLabel": "Verified Complete",
      "status": "complete",
      "priority": "medium",
      "description": "Enterprise firewall configuration and rule management documentation with security best practices.",
      "skills": ["Firewall Rules", "Network Segmentation", "Access Control", "Documentation"],
      "tools": ["pfSense", "Firewall"],
      "evidence": ["Configuration documentation", "3 screenshots", "Rule explanations"],
      "link": "/projects/firewall-setup",
      "githubPath": "Firewall-Setup/",
      "featured": false
    },
    {
      "id": "wireshark-packet-capture",
      "title": "Wireshark Packet Capture",
      "category": "Network Analysis",
      "badge": "verified-complete",
      "badgeLabel": "Verified Complete",
      "status": "complete",
      "priority": "medium",
      "description": "Network traffic analysis and packet capture techniques for identifying malicious activity and protocol analysis.",
      "skills": ["Packet Analysis", "Protocol Analysis", "Traffic Filtering", "Anomaly Detection"],
      "tools": ["Wireshark", "tcpdump"],
      "evidence": ["5 screenshots", "PCAP analysis documentation"],
      "link": "/projects/wireshark-packet-capture",
      "githubPath": "Wireshark-Packet-Capture/",
      "featured": false
    },
    {
      "id": "log-analysis-dashboard",
      "title": "Log Analysis Dashboard",
      "category": "SIEM",
      "badge": "verified-complete",
      "badgeLabel": "Verified Complete",
      "status": "complete",
      "priority": "medium",
      "description": "Comprehensive security monitoring dashboard with real-time alerts and custom visualizations.",
      "skills": ["Dashboard Design", "Data Visualization", "Alert Tuning", "Monitoring"],
      "tools": ["Splunk", "Dashboards"],
      "evidence": ["6 screenshots", "Dashboard documentation"],
      "link": "/projects/log-analysis-dashboard",
      "githubPath": "Log-Analysis/",
      "featured": false
    },
    {
      "id": "docker-security-lab",
      "title": "Docker Security Lab",
      "category": "Lab Environment",
      "badge": "scaffold",
      "badgeLabel": "Planned / Scaffold",
      "status": "planned",
      "priority": "low",
      "description": "Containerized security testing environment for vulnerability assessment and penetration testing practice.",
      "skills": ["Docker", "Container Security", "Lab Setup", "Vulnerability Testing"],
      "tools": ["Docker", "Docker Compose"],
      "evidence": [],
      "link": "/projects/docker-security-lab",
      "githubPath": "Docker-Security-Lab/",
      "featured": false
    },
    {
      "id": "ids-setup",
      "title": "IDS Setup",
      "category": "Network Security",
      "badge": "scaffold",
      "badgeLabel": "Planned / Scaffold",
      "status": "planned",
      "priority": "low",
      "description": "Intrusion Detection System deployment and configuration with custom rule sets and alert tuning.",
      "skills": ["IDS Configuration", "Rule Writing", "Alert Tuning", "Network Monitoring"],
      "tools": ["Snort", "Suricata"],
      "evidence": [],
      "link": "/projects/ids-setup",
      "githubPath": "IDS-Setup/",
      "featured": false
    },
    {
      "id": "malware-analysis",
      "title": "Malware Analysis",
      "category": "Threat Analysis",
      "badge": "scaffold",
      "badgeLabel": "Planned / Scaffold",
      "status": "planned",
      "priority": "low",
      "description": "Static and dynamic malware analysis techniques using sandboxed environments and reverse engineering tools.",
      "skills": ["Static Analysis", "Dynamic Analysis", "Sandboxing", "Reverse Engineering"],
      "tools": ["REMnux", "YARA", "Ghidra"],
      "evidence": [],
      "link": "/projects/malware-analysis",
      "githubPath": "Malware-Analysis/",
      "featured": false
    }
  ],
  "badges": [
    {
      "id": "verified-complete",
      "label": "Verified Complete",
      "icon": "check",
      "color": "green",
      "description": "Project is fully complete with documentation and evidence"
    },
    {
      "id": "verified-api",
      "label": "Verified (API Tool Tested)",
      "icon": "flask",
      "color": "blue",
      "description": "Tool has been tested with live API integrations"
    },
    {
      "id": "scaffold",
      "label": "Planned / Scaffold",
      "icon": "clipboard",
      "color": "gray",
      "description": "Project structure created, implementation planned"
    }
  ],
  "stats": {
    "total": 9,
    "complete": 6,
    "planned": 3,
    "verified": 6
  },
  "categories": [
    "SOC Operations",
    "SIEM",
    "Automation",
    "Network Security",
    "Network Analysis",
    "Lab Environment",
    "Threat Analysis"
  ]
}
