{
  "templates": [
    {
      "id": "incident-report-template",
      "title": "Incident Report Template",
      "category": "Template",
      "description": "Professional incident report template following industry-standard format. Includes investigation steps, IOC documentation, and ticket notes sections.",
      "githubPath": "Templates/Incident-Report-Template.md"
    },
    {
      "id": "ticket-notes-template",
      "title": "Ticket Notes Template",
      "category": "Template",
      "description": "Ticketing system documentation format with concise and detailed formats. Quick reference fields for efficient documentation.",
      "githubPath": "Templates/Ticket-Notes-Template.md"
    },
    {
      "id": "phishing-analysis-template",
      "title": "Phishing Analysis Template",
      "category": "Template",
      "description": "Email header analysis template with URL/IP reputation checks, IOC extraction, verdict and recommendations sections.",
      "githubPath": "Templates/Phishing-Analysis-Template.md"
    }
  ],
  "cheatSheets": [
    {
      "id": "common-ports",
      "title": "Common Ports Cheat Sheet",
      "category": "Cheat Sheet",
      "description": "Well-known ports (0-1023), registered ports (1024-49151), common malicious ports, and SOC analysis tips.",
      "githubPath": "SOC-Notes/Common-Ports-CheatSheet.md"
    },
    {
      "id": "windows-event-ids",
      "title": "Windows Event IDs",
      "category": "Cheat Sheet",
      "description": "Authentication events (4624, 4625, etc.), account management, process & service events, network events, and common SOC queries.",
      "githubPath": "SOC-Notes/Windows-Event-IDs.md"
    },
    {
      "id": "siem-query-notes",
      "title": "SIEM Query Notes",
      "category": "Cheat Sheet",
      "description": "Common Splunk queries for authentication, access, process execution, network activity, and performance tips.",
      "githubPath": "SOC-Notes/SIEM-Query-Notes.md"
    },
    {
      "id": "phishing-indicators",
      "title": "Phishing Indicators",
      "category": "Cheat Sheet",
      "description": "Email header indicators, subject line red flags, sender indicators, URL analysis, and IOC types reference.",
      "githubPath": "SOC-Notes/Phishing-Indicators.md"
    }
  ]
}
